{
  "seed": 4,
  "reward_type": "sparse",
  "n_timesteps": 2000000,
  "elapsed_seconds": 863.5389635562897,
  "mean_return": 23.146099999999997,
  "std_return": 97.2096697031216,
  "success_rate": 0.62,
  "mean_fuel": 37.17
}