{
  "seed": 3,
  "reward_type": "sparse",
  "n_timesteps": 2000000,
  "elapsed_seconds": 901.5830209255219,
  "mean_return": 65.1005,
  "std_return": 75.10308874307368,
  "success_rate": 0.83,
  "mean_fuel": 78.04
}