{
  "seed": 0,
  "reward_type": "sparse",
  "n_timesteps": 2000000,
  "elapsed_seconds": 895.258623123169,
  "mean_return": 31.285399999999992,
  "std_return": 94.7533012661828,
  "success_rate": 0.66,
  "mean_fuel": 59.95
}