{
  "seed": 0,
  "reward_type": "dense",
  "n_timesteps": 2000000,
  "elapsed_seconds": 976.570659160614,
  "mean_return": 219.873066706131,
  "std_return": 82.91943428716593,
  "success_rate": 0.8,
  "mean_fuel": 168.74
}