{
  "seed": 3,
  "reward_type": "dense",
  "n_timesteps": 2000000,
  "elapsed_seconds": 972.3715085983276,
  "mean_return": 263.99820250996095,
  "std_return": 36.0245673341381,
  "success_rate": 0.92,
  "mean_fuel": 128.13
}