{
  "seed": 2,
  "reward_type": "dense",
  "n_timesteps": 2000000,
  "elapsed_seconds": 1069.4030349254608,
  "mean_return": 227.82738878808425,
  "std_return": 44.913097286802284,
  "success_rate": 0.86,
  "mean_fuel": 227.61
}